RowNumber,CustomerId,Surname,CreditScore,Geography,Gender,Age,Tenure,Balance,NumOfProducts,HasCrCard,IsActiveMember,EstimatedSalary,Exited
1,15634602,Hargrave,619,France,Female,42,2,0,1,1,1,101349,1
2,15647311,Hill,608,Spain,Female,41,1,83808,1,0,1,112543,0
3,15619304,Onio,502,France,Female,42,8,159661,3,1,0,113932,1
4,15701354,Boni,699,France,Female,39,1,0,2,0,0,93827,0
5,15737888,Mitchell,850,Spain,Female,43,2,125511,1,1,1,79084,0
6,15574012,Chu,645,Spain,Male,44,8,113756,2,1,0,149757,1
7,15592531,Bartlett,822,France,Male,50,7,0,2,1,1,10063,0
8,15656148,Obinna,376,Germany,Female,29,4,115047,4,1,0,119347,1
9,15792365,He,501,France,Male,44,4,142051,2,0,1,74941,0
10,15592389,H?,684,France,Male,27,2,134604,1,1,1,71726,0
11,15767821,Bearce,528,France,Male,31,6,102017,2,0,0,80181,0
12,15737173,Andrews,497,Spain,Male,24,3,0,2,1,0,76390,0
13,15632264,Kay,476,France,Female,34,10,0,2,1,0,26261,0
14,15691483,Chin,549,France,Female,25,5,0,2,0,0,190858,0
15,15600882,Scott,635,Spain,Female,35,7,0,2,1,1,65952,0
16,15643966,Goforth,616,Germany,Male,45,3,143129,2,0,1,64327,0
17,15737452,Romeo,653,Germany,Male,58,1,132603,1,1,0,5098,1
18,15788218,Henderson,549,Spain,Female,24,9,0,2,1,1,14406,0
19,15661507,Muldrow,587,Spain,Male,45,6,0,1,0,0,158685,0
20,15568982,Hao,726,France,Female,24,6,0,2,1,1,54724,0
21,15577657,McDonald,732,France,Male,41,8,0,2,1,1,170886,0
22,15597945,Dellucci,636,Spain,Female,32,8,0,2,1,0,138555,0
23,15699309,Gerasimov,510,Spain,Female,38,4,0,1,1,0,118914,1
24,15725737,Mosman,669,France,Male,46,3,0,2,0,1,8488,0
25,15625047,Yen,846,France,Female,38,5,0,1,1,1,187616,0
26,15738191,Maclean,577,France,Male,25,3,0,2,0,1,124508,0
27,15736816,Young,756,Germany,Male,36,2,136816,1,1,1,170042,0
28,15700772,Nebechi,571,France,Male,44,9,0,2,0,0,38433,0
29,15728693,McWilliams,574,Germany,Female,43,3,141349,1,1,1,100187,0
30,15656300,Lucciano,411,France,Male,29,0,59697,2,1,1,53483,0
31,15589475,Azikiwe,591,Spain,Female,39,3,0,3,1,0,140469,1
32,15706552,Odinakachukwu,533,France,Male,36,7,85312,1,0,1,156732,0
33,15750181,Sanderson,553,Germany,Male,41,9,110113,2,0,0,81899,0
34,15659428,Maggard,520,Spain,Female,42,6,0,2,1,1,34411,0
35,15732963,Clements,722,Spain,Female,29,9,0,2,1,1,142033,0
36,15794171,Lombardo,475,France,Female,45,0,134264,1,1,0,27823,1
37,15788448,Watson,490,Spain,Male,31,3,145260,1,0,1,114067,0
38,15729599,Lorenzo,804,Spain,Male,33,7,76549,1,0,1,98453,0
39,15717426,Armstrong,850,France,Male,36,7,0,1,1,1,40813,0
40,15585768,Cameron,582,Germany,Male,41,6,70349,2,0,1,178074,0
41,15619360,Hsiao,472,Spain,Male,40,4,0,1,1,0,70154,0
42,15738148,Clarke,465,France,Female,51,8,122522,1,0,0,181298,1
43,15687946,Osborne,556,France,Female,61,2,117419,1,1,1,94154,0
44,15755196,Lavine,834,France,Female,49,2,131395,1,0,0,194366,1
45,15684171,Bianchi,660,Spain,Female,61,5,155931,1,1,1,158338,0
46,15754849,Tyler,776,Germany,Female,32,4,109421,2,1,1,126517,0
47,15602280,Martin,829,Germany,Female,27,9,112046,1,1,1,119708,1
48,15771573,Okagbue,637,Germany,Female,39,9,137844,1,1,1,117623,1
49,15766205,Yin,550,Germany,Male,38,2,103391,1,0,1,90878,0
50,15771873,Buccho,776,Germany,Female,37,2,103769,2,1,0,194099,0
51,15616550,Chidiebele,698,Germany,Male,44,10,116363,2,1,0,198059,0
52,15768193,Trevisani,585,Germany,Male,36,5,146051,2,0,0,86425,0
53,15683553,O'Brien,788,France,Female,33,5,0,2,0,0,116978,0
54,15702298,Parkhill,655,Germany,Male,41,8,125562,1,0,0,164041,1
55,15569590,Yoo,601,Germany,Male,42,1,98496,1,1,0,40015,1
56,15760861,Phillipps,619,France,Male,43,1,125212,1,1,1,113410,0
57,15630053,Tsao,656,France,Male,45,5,127864,1,1,0,87108,0
58,15647091,Endrizzi,725,Germany,Male,19,0,75888,1,0,0,45614,0
59,15623944,T'ien,511,Spain,Female,66,4,0,1,1,0,1643,1
60,15804771,Velazquez,614,France,Male,51,4,40686,1,1,1,46775,0
61,15651280,Hunter,742,Germany,Male,35,5,136857,1,0,0,84510,0
62,15773469,Clark,687,Germany,Female,27,9,152329,2,0,0,126495,0
63,15702014,Jeffrey,555,Spain,Male,33,1,56085,2,0,0,178798,0
64,15751208,Pirozzi,684,Spain,Male,56,8,78707,1,1,1,99398,0
65,15592461,Jackson,603,Germany,Male,26,4,109166,1,1,1,92841,0
66,15789484,Hammond,751,Germany,Female,36,6,169831,2,1,1,27758,0
67,15696061,Brownless,581,Germany,Female,34,1,101633,1,1,0,110432,0
68,15641582,Chibugo,735,Germany,Male,43,10,123180,2,1,1,196673,0
69,15638424,Glauert,661,Germany,Female,35,5,150726,2,0,1,113657,0
70,15755648,Pisano,675,France,Female,21,8,98373,1,1,0,18203,0
71,15703793,Konovalova,738,Germany,Male,58,2,133745,4,1,0,28374,1
72,15620344,McKee,813,France,Male,29,6,0,1,1,0,33954,0
73,15812518,Palermo,657,Spain,Female,37,0,163607,1,0,1,44204,0
74,15779052,Ballard,604,Germany,Female,25,5,157781,2,1,1,58427,0
75,15770811,Wallace,519,France,Male,36,9,0,2,0,1,145562,0
76,15780961,Cavenagh,735,France,Female,21,1,178718,2,1,0,22388,0
77,15614049,Hu,664,France,Male,55,8,0,2,1,1,139162,0
78,15662085,Read,678,France,Female,32,9,0,1,1,1,148211,0
79,15575185,Bushell,757,Spain,Male,33,5,77253,1,0,1,194240,0
80,15803136,Postle,416,Germany,Female,41,10,122190,2,1,0,98302,0
81,15706021,Buley,665,France,Female,34,1,96646,2,0,0,171414,0
82,15663706,Leonard,777,France,Female,32,2,0,1,1,0,136458,1
83,15641732,Mills,543,France,Female,36,3,0,2,0,0,26020,0
84,15701164,Onyeorulu,506,France,Female,34,4,90308,1,1,1,159235,0
85,15738751,Beit,493,France,Female,46,4,0,2,1,0,1908,0
86,15805254,Ndukaku,652,Spain,Female,75,10,0,2,1,1,114676,0
87,15762418,Gant,750,Spain,Male,22,3,121682,1,1,0,128643,1
88,15625759,Rowley,729,France,Male,30,9,0,2,1,0,151869,0
89,15622897,Sharpe,646,France,Female,46,4,0,3,1,0,93251,1
90,15767954,Osborne,635,Germany,Female,28,3,81624,2,1,1,156791,0
91,15757535,Heap,647,Spain,Female,44,5,0,3,1,1,174205,1
92,15731511,Ritchie,808,France,Male,45,7,118627,2,1,0,147132,0
93,15809248,Cole,524,France,Female,36,10,0,2,1,0,109615,0
94,15640635,Capon,769,France,Male,29,8,0,2,1,1,172291,0
95,15676966,Capon,730,Spain,Male,42,4,0,2,0,1,85982,0
96,15699461,Fiorentini,515,Spain,Male,35,10,176274,1,0,1,121278,0
97,15738721,Graham,773,Spain,Male,41,9,102827,1,0,1,64595,0
98,15693683,Yuille,814,Germany,Male,29,8,97086,2,1,1,197276,0
99,15604348,Allard,710,Spain,Male,22,8,0,2,0,0,99645,0
100,15633059,Fanucci,413,France,Male,34,9,0,2,0,0,6534,0
101,15808582,Fu,665,France,Female,40,6,0,1,1,1,161848,0
102,15743192,Hung,623,France,Female,44,6,0,2,0,0,167162,0
103,15580146,Hung,738,France,Male,31,9,82674,1,1,0,41971,0
104,15776605,Bradley,528,Spain,Male,36,7,0,2,1,0,60537,0
105,15804919,Dunbabin,670,Spain,Female,65,1,0,1,1,1,177656,1
106,15613854,Mauldon,622,Spain,Female,46,4,107073,2,1,1,30985,1
107,15599195,Stiger,582,Germany,Male,32,1,88939,1,1,1,10055,0
108,15812878,Parsons,785,Germany,Female,36,2,99807,1,0,1,36977,0
109,15602312,Walkom,605,Spain,Male,33,5,150093,1,0,0,71863,0
110,15744689,T'ang,479,Germany,Male,35,9,92834,1,1,0,99450,1
111,15803526,Eremenko,685,Germany,Male,30,3,90537,1,0,1,63083,0
112,15665790,Rowntree,538,Germany,Male,39,7,108055,2,1,0,27231,0
113,15715951,Thorpe,562,France,Male,42,2,100238,1,0,0,86797,0
114,15591100,Chiemela,675,Spain,Male,36,9,106191,1,0,1,22994,0
115,15609618,Fanucci,721,Germany,Male,28,9,154476,2,0,1,101301,1
116,15675522,Ko,628,Germany,Female,30,9,132351,2,1,1,74169,0
117,15705512,Welch,668,Germany,Female,37,6,167864,1,1,0,115638,0
118,15698028,Duncan,506,France,Female,41,1,0,2,1,0,31766,0
119,15661670,Chidozie,524,Germany,Female,31,8,107819,1,1,0,199725,1
120,15600781,Wu,699,Germany,Male,34,4,185174,2,1,0,120834,0
121,15682472,Culbreth,828,France,Male,34,8,129433,2,0,0,38132,0
122,15580203,Kennedy,674,Spain,Male,39,6,120193,1,0,0,100131,0
123,15690673,Cameron,656,France,Female,39,6,0,2,1,0,141070,0
124,15760085,Calabresi,684,Germany,Female,48,10,126384,1,1,1,198129,0
125,15779659,Zetticci,625,France,Female,28,3,0,1,0,0,183646,0
126,15627360,Fuller,432,France,Male,42,9,152603,1,1,0,110265,1
127,15671137,MacDonald,549,France,Female,52,1,0,1,0,1,8636,1
128,15782688,Piccio,625,Germany,Male,56,0,148507,1,1,0,46824,1
129,15575492,Kennedy,828,France,Female,41,7,0,2,1,0,171379,0
130,15591607,Fernie,770,France,Male,24,9,101827,1,1,0,167256,0
131,15740404,He,758,France,Female,34,3,0,2,1,1,124226,0
132,15718369,Kaodilinakachukwu,795,Germany,Female,33,9,130862,1,1,1,114935,0
133,15677871,Cocci,687,France,Male,38,9,122571,1,1,1,35609,0
134,15642004,Alekseeva,686,France,Male,25,1,0,2,0,1,16459,0
135,15712543,Chinweike,789,Germany,Male,39,7,124828,2,1,1,124411,0
136,15584518,Arthur,589,Germany,Female,50,5,144895,2,1,1,34941,0
137,15802381,Li,461,Germany,Female,34,5,63664,1,0,1,167784,0
138,15610156,Ma,637,France,Male,40,2,133463,1,0,1,93165,0
139,15594408,Chia,584,Spain,Female,48,2,213146,1,1,0,75161,1
140,15640905,Vasin,579,Spain,Female,35,1,129490,2,0,1,8591,1
141,15698932,Groves,756,Germany,Male,44,10,137452,1,1,0,189544,0
142,15724944,Tien,663,France,Male,34,7,0,2,1,1,180427,0
143,15628145,Forwood,682,France,Female,43,5,125852,1,1,1,193318,0
144,15713483,Greeves,793,Spain,Male,52,2,0,1,1,0,159124,1
145,15612350,Taylor,691,France,Female,31,5,40916,1,1,0,126214,1
146,15800703,Madukwe,485,Spain,Female,21,5,113157,1,1,1,54142,0
147,15705707,Bennelong,635,Spain,Female,29,8,138297,2,1,0,141076,0
148,15754105,Olisanugo,650,France,Male,37,5,106967,1,0,0,24495,0
149,15703264,Chukwufumnanya,735,France,Male,44,9,120682,1,1,0,74836,0
150,15794413,Harris,416,France,Male,32,0,0,2,0,1,879,0
151,15650237,Morgan,754,Spain,Female,32,7,0,2,1,0,89521,0
152,15759618,Alexeeva,535,France,Female,48,9,0,1,1,0,149893,1
153,15811589,Metcalfe,716,Spain,Male,42,8,0,2,1,0,180800,0
154,15689044,Humphries,539,France,Male,37,2,127610,1,1,0,98646,0
155,15709368,Milne,614,France,Female,43,6,0,2,1,1,109042,0
156,15679145,Chou,706,Spain,Male,57,7,0,1,1,0,17941,1
157,15655007,Li,758,France,Female,33,7,0,2,0,0,82996,0
158,15623595,Clayton,586,Spain,Female,28,2,0,2,1,1,92067,0
159,15589975,Maclean,646,France,Female,73,6,97259,1,0,1,104720,0
160,15804017,Chigolum,631,Germany,Female,33,4,123247,1,0,0,112688,0
161,15692132,Wilkinson,717,Spain,Female,22,6,101060,1,0,1,84700,0
162,15641122,Wei,684,France,Male,30,2,0,2,1,0,83474,0
163,15630910,Treacy,800,France,Female,49,7,108007,1,0,0,47125,0
164,15680772,Hu,721,Spain,Female,36,2,0,2,1,1,106978,0
165,15658929,Taverner,683,Spain,Male,29,0,133703,1,1,0,55583,1
166,15585388,Sherman,660,Germany,Male,31,9,125190,2,1,1,139874,0
167,15724623,Taubman,704,Germany,Female,24,7,113034,1,1,0,162503,1
168,15588537,Robinson,615,Spain,Female,41,9,109013,1,1,0,196500,0
169,15574692,Pinto,667,Spain,Female,39,2,0,2,1,0,40721,1
170,15611325,Wood,682,Germany,Male,24,9,57930,2,0,0,53134,0
171,15587562,Hawkins,484,France,Female,29,4,130114,1,1,0,164018,0
172,15613172,Sun,628,Germany,Male,27,5,95826,2,1,0,155997,0
173,15651022,Yost,480,Germany,Male,44,10,129609,1,1,0,5473,1
174,15586310,Ting,578,France,Male,30,4,169462,1,1,0,112187,0
175,15625524,Rowe,512,France,Male,40,5,0,2,1,1,146458,0
176,15755209,Fu,484,Spain,Female,35,7,133868,1,1,1,27286,0
177,15645248,Ho,510,France,Female,30,0,0,2,1,1,130553,0
178,15790355,Okechukwu,606,Germany,Male,36,5,190479,2,0,0,179352,0
179,15762615,Campbell,597,Spain,Female,40,8,101993,1,0,1,94774,0
180,15625426,Ashbolt,754,Germany,Female,55,3,161609,1,1,0,8081,1
181,15716334,Rozier,850,Spain,Female,45,2,122311,1,1,1,19483,0
182,15789669,Hsia,510,France,Male,65,2,0,2,1,1,48072,0
183,15621075,Ogbonnaya,778,Germany,Female,45,1,162150,2,1,0,174531,0
184,15810845,T'ang,636,France,Male,42,2,0,2,1,1,55471,0
185,15719377,Cocci,804,France,Female,50,4,0,1,1,1,8547,1
186,15654506,Chang,514,France,Male,32,8,0,2,1,0,95857,0
187,15771977,T'ao,730,France,Female,39,1,99011,1,1,0,194946,0
188,15708710,Ford,525,Spain,Female,37,0,0,1,0,1,131522,0
189,15726676,Marshall,616,Spain,Male,30,5,0,2,0,1,196109,0
190,15587421,Tsai,687,Germany,Female,34,7,111388,2,1,0,148565,0
191,15726931,Onwumelu,715,France,Female,41,8,56215,2,0,0,92983,1
192,15771086,Graham,512,France,Female,36,3,84328,2,1,0,17675,0
193,15756850,Golovanov,479,France,Male,40,1,0,2,0,0,114996,0
194,15702741,Potts,601,France,Male,32,8,93013,1,1,0,86957,0
195,15679200,Crawford,580,Spain,Male,29,9,61710,2,1,0,128078,0
196,15594815,Aleshire,807,France,Male,35,3,174790,1,1,1,600,0
197,15635905,Moran,616,Spain,Female,32,6,0,2,1,1,43001,0
198,15777892,Samsonova,721,Germany,Male,37,3,107721,1,1,1,158591,0
199,15656176,Jenkins,501,France,Male,57,10,0,2,1,1,47847,0
200,15811127,Volkov,521,France,Male,35,6,96424,1,1,0,10488,0
201,15604482,Chiemezie,850,Spain,Male,30,2,141040,1,1,1,5978,0
202,15622911,Jude,759,France,Male,42,4,105420,1,0,1,121409,0
203,15600974,He,516,Spain,Male,50,5,0,1,0,1,146146,1
204,15727868,Onuora,711,France,Female,38,2,129022,2,1,1,14375,1
205,15627801,Ginikanwa,512,Spain,Male,33,3,176667,1,1,0,94671,0
206,15773039,Ku,550,France,Male,37,3,0,1,1,1,179670,0
207,15755262,McDonald,608,Spain,Female,41,3,89764,1,0,0,199305,1
208,15679531,Collins,618,France,Male,34,5,134955,1,1,1,151954,0
209,15684181,Hackett,643,France,Male,45,5,0,1,1,0,142514,1
210,15612087,Dike,671,France,Male,45,2,106377,1,0,1,158265,0
211,15752047,Trevisano,689,Germany,Male,33,2,161815,2,1,0,169382,0
212,15624592,Tan,603,France,Male,31,8,0,2,1,1,169915,0
213,15573152,Glassman,620,France,Female,41,9,0,2,0,0,88852,0
214,15594917,Miller,676,France,Female,34,1,63095,1,1,1,40646,0
215,15785542,Kornilova,572,Germany,Male,26,4,118287,2,0,0,60427,0
216,15723488,Watson,668,Germany,Male,47,7,106854,1,0,1,157959,1
217,15680920,Marchesi,695,France,Male,46,7,49513,1,1,0,133007,0
218,15786308,Millar,730,Spain,Female,33,9,0,2,0,0,176577,0
219,15659366,Shih,807,France,Male,43,1,105799,2,1,0,34888,1
220,15774854,Fuller,592,France,Male,54,8,0,1,1,1,28738,1
221,15725311,Hay,726,France,Female,31,9,114722,2,1,1,98179,0
222,15787155,Yang,514,Spain,Male,30,7,0,1,0,1,125010,0
223,15727829,McIntyre,567,France,Male,42,2,0,2,1,1,167985,0
224,15733247,Stevenson,850,France,Male,33,10,0,1,1,0,4862,1
225,15568748,Poole,671,Germany,Male,45,6,99564,1,1,1,108872,1
226,15699029,Bagley,670,France,Male,37,4,170558,2,1,0,198253,0
227,15774393,Ch'ien,694,France,Female,30,9,0,2,1,1,26960,0
228,15676895,Cattaneo,547,Germany,Female,39,6,74596,3,1,1,85747,1
229,15637753,O'Sullivan,751,Germany,Male,50,2,96888,1,1,0,77206,1
230,15605461,Lucas,594,Germany,Female,29,3,130830,1,1,0,61049,0
231,15808473,Ringrose,673,France,Male,72,1,0,2,0,1,111981,0
232,15627000,Freeman,610,France,Male,40,0,0,2,1,0,62233,0
233,15787174,Sergeyev,512,France,Female,37,1,0,2,0,1,156105,0
234,15723886,Fiore,767,Germany,Male,20,3,119714,2,0,1,150135,0
235,15704769,Smith,585,France,Female,67,5,113979,2,0,1,93146,0
236,15772896,Dumetochukwu,763,Germany,Male,42,6,100161,1,1,0,33463,1
237,15711540,Pacheco,712,France,Female,29,2,0,1,1,1,144375,0
238,15764866,Synnot,539,Germany,Female,43,3,116221,3,1,0,55804,1
239,15794056,Johnston,668,France,Female,46,2,0,3,1,0,89048,1
240,15795149,Stevens,703,France,Male,28,2,81174,2,0,1,162812,0
241,15812009,Grant,662,Spain,Male,38,4,0,2,1,0,136260,0
242,15651001,Tsao,725,Germany,Female,39,5,116804,1,1,0,124053,0
243,15813844,Barnes,703,France,Male,37,8,105962,2,0,1,74159,0
244,15596175,McIntosh,659,Germany,Male,67,6,117412,1,1,1,45071,1
245,15576269,Madison,523,Spain,Male,34,7,0,2,1,0,62030,0
246,15797219,Ifesinachi,635,France,Female,40,10,123498,1,1,0,131953,1
247,15685500,Glazkov,772,Germany,Male,26,7,152401,2,1,0,79414,0
248,15599792,Dimauro,545,France,Female,26,1,0,2,1,1,199639,0
249,15657566,Wieck,634,Germany,Male,24,8,103098,1,1,1,157577,0
250,15772423,Liao,739,Germany,Male,54,8,126418,1,1,0,134421,1
251,15628112,Hughes,771,Germany,Female,36,5,77847,1,0,0,99806,0
252,15753754,Morrison,587,Spain,Female,34,1,0,2,1,1,97933,0
253,15793726,Matveyeva,681,France,Female,79,0,0,2,0,1,170969,0
254,15694717,Ku,544,Germany,Male,37,2,79732,1,1,1,57559,0
255,15665834,Cheatham,696,Spain,Male,28,8,0,1,0,0,176713,0
256,15765297,Yao,766,Spain,Male,41,0,0,2,0,1,34283,0
257,15636684,Kirkland,727,France,Male,34,10,0,2,1,1,198637,0
258,15592979,Rose,671,Germany,Female,34,6,37267,2,0,0,156917,0
259,15750803,Jess,693,France,Female,30,6,127992,1,1,1,50457,0
260,15607178,Welch,850,Germany,Male,38,3,54901,1,1,1,140076,0
261,15713853,Ifeajuna,732,Germany,Male,42,9,108748,2,1,1,65323,0
262,15673481,Morton,726,Spain,Female,48,6,99906,1,1,0,64323,0
263,15686776,Rossi,557,France,Female,32,6,184686,2,1,0,14956,0
264,15673693,Reppert,682,France,Female,26,0,110654,1,0,1,111879,0
265,15700696,Kang,738,Spain,Male,31,9,79020,1,1,1,18606,0
266,15813163,Ch'iu,531,Spain,Female,36,9,99241,1,1,0,123137,0
267,15653857,Wallis,498,France,Male,34,2,0,2,1,1,148528,0
268,15777076,Clark,651,France,Male,36,7,0,2,1,0,13898,0
269,15717398,Fielding,549,Spain,Female,39,7,0,1,0,0,81259,1
270,15799217,Zetticci,791,Germany,Female,35,7,52436,1,1,0,161052,0
271,15787071,Dulhunty,650,Spain,Male,41,9,0,2,0,1,191600,0
272,15619955,Bevington,733,Germany,Male,34,3,100338,3,1,0,48559,1
273,15796505,Boyle,811,Germany,Female,34,1,149297,2,1,1,186340,0
274,15725166,Newton,707,France,Male,30,8,0,2,1,0,33159,0
275,15800116,Bowman,712,Germany,Male,28,4,145605,1,0,1,93884,0
276,15758685,Dubinina,706,Spain,Female,37,7,0,2,1,1,110899,0
277,15694456,Toscani,756,France,Male,62,3,0,1,1,1,11199,1
278,15767339,Chiazagomekpere,777,France,Female,53,10,0,2,1,0,189993,0
279,15683562,Allen,646,France,Male,35,6,84027,1,0,1,164256,0
280,15782210,K'ung,714,France,Male,46,1,0,1,1,0,152168,1
281,15668893,Wilsmore,782,France,Male,39,8,0,2,1,1,33950,0
282,15669169,Hargreaves,775,Spain,Male,29,10,0,2,1,1,68144,0
283,15643024,Huang,479,Germany,Male,35,4,138719,1,1,1,47252,1
284,15699389,Ch'ien,807,France,Male,42,7,118275,1,1,1,25886,0
285,15708608,Wallwork,799,France,Female,22,8,174186,2,0,1,192634,0
286,15626144,Chu,675,France,Male,40,7,113209,2,1,0,34577,0
287,15573112,Kang,602,Spain,Male,29,5,103907,1,1,0,161230,0
288,15790678,Davidson,475,France,Female,32,8,119023,1,1,0,100816,0
289,15727556,O'Donnell,744,Spain,Female,26,5,166298,1,1,1,181694,0
290,15697307,Nnachetam,588,Spain,Male,34,10,0,2,1,0,79079,0
291,15652266,Chidiebele,703,Germany,Male,42,9,63227,1,0,1,137316,0
292,15607098,Ahmed,747,Spain,Female,41,5,94521,2,1,0,194927,0
293,15655774,Booth,583,France,Male,27,7,0,2,1,0,51285,0
294,15590241,Chuang,750,Spain,Female,34,9,112822,1,0,0,150402,1
295,15785819,Shao,681,France,Male,38,3,0,2,1,1,112492,0
296,15723654,Tsao,773,France,Male,25,2,135903,1,1,0,73656,0
297,15774510,Tien,714,France,Female,31,4,125169,1,1,1,106637,0
298,15684173,Chang,687,Spain,Female,44,7,0,3,1,0,155854,1
299,15650068,Johnson,511,France,Male,58,0,149117,1,1,1,162600,0
300,15811490,French,627,France,Male,33,5,0,2,1,1,103738,0
301,15803976,Efremov,694,France,Female,31,10,0,2,1,0,160990,0
302,15682541,Hartley,616,Spain,Female,36,6,132312,1,0,0,15463,0
303,15695699,Calabrese,687,France,Male,35,8,0,2,1,0,10334,0
304,15624188,Chiu,712,France,Female,33,6,0,2,1,1,190686,0
305,15812191,Brennan,553,France,Male,33,4,118083,1,0,0,94440,0
306,15636673,Onwuatuegwu,667,France,Male,31,1,119267,1,1,1,28258,0
307,15594898,Hewitt,731,France,Male,43,2,0,1,1,1,170035,1
308,15660211,Shih,629,Germany,Male,35,7,156847,2,1,0,31824,0
309,15773972,Balashov,614,France,Male,50,4,137104,1,1,0,127166,1
310,15746726,Doyle,438,Germany,Male,31,8,78399,1,1,0,44937,0
311,15712287,Pokrovskii,652,France,Female,80,4,0,2,1,1,188603,0
312,15702919,Collins,729,Germany,Male,30,6,63669,1,1,0,145111,0
313,15674398,Russo,642,France,Male,38,3,0,2,0,0,171464,0
314,15797960,Skinner,806,Germany,Female,59,0,135296,1,1,0,182823,0
315,15631868,Robertson,744,Spain,Male,36,2,153804,1,1,1,87213,0
316,15581539,Atkinson,474,Spain,Male,37,3,0,2,0,0,57175,0
317,15662736,Doyle,559,France,Male,49,2,147070,1,1,0,120541,1
318,15666252,Ritchie,706,Spain,Male,42,9,0,2,1,1,28714,0
319,15677512,McEncroe,628,Spain,Female,22,3,0,1,1,0,85426,0
320,15626114,Pearson,429,France,Male,24,4,95742,1,1,0,46171,0
321,15810834,Gordon,525,Spain,Female,57,2,145965,1,1,1,64448,0
322,15678910,Ts'ai,680,France,Female,30,8,141442,1,1,1,16279,0
323,15694408,Lung,749,France,Male,40,1,139290,1,1,0,182855,1
324,15585215,Yuan,763,France,Female,31,4,0,2,0,0,50405,0
325,15682757,Pardey,734,France,Male,30,3,0,2,1,0,107640,0
326,15736601,Tai,716,France,Male,35,4,144429,1,1,0,134133,0
327,15601848,Scott,594,France,Male,35,2,0,2,1,0,103481,0
328,15736008,Hunter,644,France,Female,46,9,95441,1,1,0,108761,1
329,15669064,Mazzanti,671,Germany,Male,35,1,144849,1,1,1,179012,0
330,15624528,L?,664,Germany,Male,26,7,116244,2,1,1,95145,0
331,15598493,Beach,656,France,Male,50,7,0,2,0,1,72143,0
332,15601274,Hsieh,667,Spain,Female,40,1,146502,1,1,0,19163,0
333,15702669,Faulkner,663,Germany,Male,44,2,117029,2,0,1,144680,0
334,15728669,Knowles,584,Germany,Female,30,8,112014,1,1,0,177772,1
335,15742668,Day,626,Spain,Female,37,6,108269,1,1,0,5598,0
336,15697441,Hsueh,485,France,Male,29,7,182124,1,1,0,116829,1
337,15740476,Tsao,659,Germany,Female,32,3,150924,2,0,1,174653,0
338,15648064,Kennedy,649,France,Male,33,2,0,2,1,0,2011,0
339,15636624,Nwabugwu,805,Spain,Female,39,5,165272,1,1,0,14110,1
340,15807923,Young,716,Germany,Female,39,10,115301,1,1,0,43527,1
341,15745844,Kerr,642,Germany,Female,40,6,129502,2,0,1,86099,1
342,15786170,Tien,659,France,Male,31,4,118342,1,0,0,161574,0
343,15681081,Marrero,545,Spain,Female,47,5,0,2,1,1,38970,0
344,15684484,White,543,France,Male,22,8,0,2,0,0,127587,0
345,15785869,Pisano,718,France,Female,25,7,0,2,1,0,30380,0
346,15763859,Brown,840,France,Female,43,7,0,2,1,0,90909,0
347,15658935,Freeman,630,Germany,Female,34,9,106937,2,1,0,138275,0
348,15747358,Russell,643,Germany,Male,59,3,170331,1,1,1,32172,0
349,15735203,Seleznyov,654,Germany,Female,32,1,114511,1,1,1,126143,0
350,15576256,Yusupova,582,France,Male,39,5,0,2,1,1,129893,0
351,15659420,Foley,659,Spain,Male,32,3,107594,2,1,1,102417,0
352,15593365,Shih,762,Spain,Male,39,2,81273,1,1,1,18720,0
353,15777352,Ikedinachukwu,568,Spain,Female,32,7,169400,1,1,0,61936,0
354,15812007,Power,670,Spain,Male,25,6,0,2,1,1,78359,0
355,15625461,Amos,613,France,Female,45,1,187842,2,1,1,147224,0
356,15739438,Reed,539,France,Male,30,0,0,2,1,0,160980,0
357,15611759,Simmons,850,Spain,Female,57,8,126776,2,1,1,132298,0
358,15661629,Ricci,522,Spain,Male,34,9,126436,1,1,0,174249,1
359,15633950,Yen,737,France,Male,41,1,101961,1,1,1,123547,0
360,15592386,Campbell,520,France,Male,58,3,0,2,0,1,32790,0
361,15803716,West,706,Spain,Male,28,3,0,2,0,1,181544,0
362,15696674,Robinson,643,Germany,Female,45,2,150843,1,0,1,2320,1
363,15706365,Bianchi,648,France,Female,50,9,102536,1,1,1,189543,0
364,15745088,Chen,443,Germany,Female,29,9,99028,2,1,0,10940,0
365,15676715,Madukaego,640,France,Male,68,9,0,2,1,1,199493,0
366,15613085,Ibrahimova,628,Spain,Female,33,3,0,1,1,1,188193,0
367,15633537,Nolan,540,Germany,Female,42,9,87271,2,1,0,172573,0
368,15594720,Scott,460,Germany,Female,35,8,102743,2,1,1,189340,0
369,15684042,Blair,636,Germany,Male,34,2,40106,2,0,1,53512,0
370,15583303,Monaldo,593,France,Female,29,2,152265,1,1,0,34004,0
371,15611579,Sutherland,801,Spain,Male,42,4,141948,1,1,1,10598,0
372,15774696,Cole,640,Germany,Female,75,1,106308,2,0,1,113429,0
373,15694506,Briggs,611,Germany,Male,31,0,107885,2,1,1,183488,0
374,15688074,Gregory,802,Germany,Male,31,1,125014,1,1,1,187658,0
375,15759537,Bianchi,717,Germany,Male,35,7,58469,2,1,1,172459,0
376,15758449,Angelo,769,France,Female,39,8,0,1,0,1,21016,0
377,15583456,Gardiner,745,Germany,Male,45,10,117232,3,1,1,122381,1
378,15667871,Kerr,572,Spain,Male,35,4,152390,1,1,0,128124,0
379,15677371,Ko,629,Spain,Female,30,2,34014,1,1,0,19571,0
380,15629677,Distefano,687,Spain,Female,39,2,0,3,0,0,188151,1
381,15713578,Farrell,483,France,Female,50,9,0,2,1,1,111020,0
382,15591509,Milano,690,France,Male,36,7,101583,2,1,0,123775,0
383,15568240,Ting,492,Germany,Female,30,10,77169,2,0,1,146700,0
384,15622993,Boyd,709,Germany,Male,28,8,124696,2,1,0,145251,0
385,15689294,Onyemaechi,705,Germany,Male,44,3,105935,1,1,0,82464,0
386,15720910,Black,560,France,Female,66,9,0,1,1,1,15928,0
387,15721181,Oliver,611,Spain,Male,46,6,0,2,1,0,45886,0
388,15776433,Greco,730,Spain,Male,62,2,0,2,1,1,186490,0
389,15748936,Whitehead,709,Spain,Female,45,2,0,2,0,1,162923,0
390,15717225,Ikemefuna,544,France,Female,21,10,161526,2,1,0,9263,0
391,15685226,Morrison,712,Germany,Female,29,7,147199,1,1,1,84932,0
392,15785611,Onyeoruru,752,Germany,Male,38,3,183102,1,1,1,71557,0
393,15573456,Cunningham,648,Spain,Male,46,9,127209,2,1,0,77406,1
394,15684548,Demidov,556,Spain,Male,38,8,0,2,0,0,417,1
395,15620505,Celis,594,Spain,Female,24,0,97379,1,1,1,71405,0
396,15807432,Cheng,645,Germany,Female,37,2,136925,2,0,1,153400,0
397,15584766,Knight,557,France,Male,33,3,54504,1,1,1,371,0
398,15612187,Morin,547,Germany,Male,32,8,155727,1,1,0,67790,0
399,15762218,Mills,701,France,Female,39,9,0,2,0,1,145895,0
400,15646372,Outhwaite,616,France,Female,66,1,135842,1,1,0,183841,1
401,15690452,Tung,605,France,Male,52,1,63350,1,1,0,108887,0
402,15747795,Pai,593,Germany,Female,38,4,129499,1,1,1,154071,0
403,15781589,Carpenter,751,Spain,Male,52,8,0,2,0,1,179292,0
404,15732674,Fennell,443,Spain,Male,36,6,70438,2,0,1,56937,0
405,15642291,Fontaine,685,France,Male,23,8,0,2,1,1,112239,0
406,15692761,Pratt,718,France,Male,36,9,0,1,1,0,45910,0
407,15578045,Mitchell,538,Spain,Female,49,9,141434,1,0,0,173779,1
408,15745354,Franklin,611,Spain,Female,37,4,0,2,1,0,125696,0
409,15701376,K'ung,668,Germany,Male,37,10,152958,2,1,1,159586,0
410,15691625,Ko,537,Germany,Female,41,3,138306,1,1,0,106761,0
411,15566594,McKenzie,709,Spain,Male,23,10,0,2,0,0,129590,0
412,15760431,Pino,850,France,Male,38,1,0,2,1,1,80007,0
413,15686302,Fisk,745,Spain,Female,31,3,124329,1,1,1,140452,0
414,15801559,Chiang,693,Germany,Female,41,9,181461,3,1,1,187929,1
415,15810432,Moseley,795,Spain,Male,35,8,0,2,1,0,167155,0
416,15809616,Hsiung,626,Spain,Male,26,8,0,2,0,0,191421,0
417,15720559,Heath,487,Germany,Female,61,5,110368,1,0,0,11384,1
418,15695632,Dellucci,556,France,Female,39,9,89588,1,1,1,94898,0
419,15659843,Li,643,France,Female,46,6,0,2,0,0,106782,0
420,15615624,"De Salis",605,France,Female,28,6,0,2,0,0,159509,0
421,15810418,T'ang,756,Germany,Female,60,3,115925,1,1,0,93524,1
422,15716186,Richardson,586,France,Female,38,2,0,2,1,0,87168,0
423,15674551,Fitch,535,Germany,Male,40,7,111757,1,1,0,8128,1
424,15622834,Stevenson,678,France,Female,35,4,0,1,1,0,125518,0
425,15566111,Estes,596,France,Male,39,9,0,1,1,0,48964,0
426,15784597,Lattimore,648,France,Male,26,9,162924,1,1,0,98368,0
427,15652883,Chung,492,Germany,Male,39,10,124577,2,1,0,148585,0
428,15806964,Utz,702,France,Male,45,0,80794,1,1,1,27475,0
429,15576313,Wei,486,Germany,Female,40,9,71340,1,1,0,76192,0
430,15806467,Boyle,568,Germany,Male,40,1,99283,1,0,0,134601,1
431,15597602,Nwachinemelu,619,Germany,Male,57,3,137946,1,1,1,72468,1
432,15743040,Kuznetsova,724,Germany,Male,41,2,127893,2,0,1,199645,0
433,15705521,Pisani,548,Germany,Female,33,0,101084,1,1,0,42750,0
434,15595039,Manna,545,Germany,Female,37,8,114754,1,1,0,136050,1
435,15799384,Collier,683,France,Male,33,8,0,1,0,0,73564,0
436,15581197,Ricci,762,France,Female,51,3,99287,1,0,1,85579,0
437,15693737,Carr,627,Germany,Female,30,4,79871,2,1,0,129827,0
438,15624623,Hs?,516,France,Male,35,10,104089,2,0,0,119666,0
439,15783501,Findlay,800,France,Female,38,2,168190,2,1,0,68052,0
440,15690134,Hughes,464,Germany,Female,42,3,85679,1,1,1,164105,0
441,15782735,Chukwuemeka,626,France,Female,35,3,0,1,0,0,80190,0
442,15611088,Genovese,790,France,Female,31,9,0,2,1,0,84127,0
443,15672145,Swift,534,France,Female,34,7,121552,2,1,1,70179,0
444,15732628,Ugoji,745,France,Male,46,2,122220,1,1,1,118024,0
445,15787470,Parkinson,553,Spain,Male,47,3,116528,1,0,0,145704,1
446,15803406,Ross,748,France,Female,26,1,77780,1,0,1,183049,0
447,15730460,Oleary,722,France,Male,37,2,0,1,0,0,120907,0
448,15644572,Turnbull,501,France,Male,40,4,125832,1,1,1,100434,0
449,15694860,Uspensky,675,France,Female,38,6,68066,1,0,0,138777,1
450,15658169,Cook,778,Spain,Female,47,6,127299,2,1,0,124695,0
451,15794396,Newbold,494,Germany,Female,38,7,174938,1,1,0,40084,0
452,15785798,Uchechukwu,850,France,Male,40,9,0,2,0,1,119232,0
453,15710825,Ch'en,592,Spain,Male,31,7,110071,1,0,0,43921,0
454,15668444,He,590,Spain,Female,44,3,139432,1,1,0,62223,0
455,15726631,Hilton,758,France,Female,39,6,127358,1,0,1,56577,0
456,15733797,Sal,506,France,Male,36,5,0,2,1,0,164253,0
457,15747960,Eluemuno,733,France,Male,33,3,0,1,1,1,7667,0
458,15634632,Titus,711,France,Male,38,3,0,2,1,0,68488,0
459,15707362,Yin,514,Germany,Male,43,1,95556,1,0,1,199274,1
460,15662976,Lettiere,637,Spain,Male,37,8,0,1,1,1,186062,0
461,15732778,Templeman,468,Germany,Male,29,1,111682,2,1,1,195711,0
462,15718443,Chibuzo,539,France,Male,39,3,0,2,1,0,36692,0
463,15670039,Sun,509,Spain,Female,25,3,108739,2,1,0,106921,0
464,15773792,Evans,662,France,Female,32,4,133950,1,1,1,48726,1
465,15613786,Ogbonnaya,818,Spain,Male,26,4,0,2,1,1,167037,0
466,15726032,Enyinnaya,608,France,Male,33,9,89969,1,1,0,68777,0
467,15663252,Olisanugo,850,Spain,Female,32,9,0,2,1,1,18925,0
468,15593782,Brookes,816,Germany,Female,38,5,130879,3,1,0,71906,1
469,15633283,Padovano,536,France,Male,35,8,0,2,1,0,64833,0
470,15749167,Fisk,753,France,Male,35,3,0,2,1,1,184844,0
471,15759298,Shih,631,Spain,Male,27,10,134170,1,1,1,176730,0
472,15683625,Hare,703,France,Male,37,1,149762,1,1,0,20629,1
473,15635367,Muir,774,France,Male,26,2,93845,1,1,0,28415,0
474,15681705,Fanucci,785,France,Male,28,8,0,2,1,0,77231,0
475,15603156,Elewechi,571,France,Female,33,1,0,2,1,0,102751,0
476,15591986,Johnston,621,Germany,Male,46,6,141078,1,0,0,34581,1
477,15798888,Pisano,605,Germany,Female,31,1,117993,1,1,1,183599,0
478,15809722,Ankudinov,611,France,Female,40,8,100812,2,1,0,147358,0
479,15677538,Nwokike,569,France,Male,38,7,0,1,1,1,108469,0
480,15797736,Smith,658,France,Male,29,4,80263,1,1,1,20613,0
481,15695585,Atkins,788,Spain,Male,34,6,156479,1,0,1,181197,0
482,15744398,Burns,525,France,Female,23,5,0,2,1,0,160249,0
483,15750658,Obiuto,798,France,Male,37,8,0,3,0,0,110783,0
484,15578186,Pirozzi,486,Germany,Male,37,9,115218,2,1,0,144995,0
485,15676519,George,615,Spain,Male,61,9,0,2,1,0,150228,1
486,15637954,Lewis,730,France,Female,35,0,155471,1,1,1,53718,0
487,15758639,Moran,641,France,Male,37,7,0,2,1,0,75248,0
488,15613772,Dalrymple,542,France,Male,39,3,135097,1,1,1,14353,1
489,15731744,Carslaw,692,France,Male,30,2,0,2,0,1,130487,0
490,15807709,Kirby,714,Germany,Female,55,9,180075,1,1,1,100128,0
491,15714689,Houghton,591,Spain,Male,29,1,97541,1,1,1,196356,0
492,15699005,Martin,710,France,Female,41,2,156067,1,1,1,9984,0
493,15624170,Tan,639,France,Female,38,4,81551,2,0,1,118975,0
494,15725679,Hsia,531,France,Female,47,6,0,1,0,0,194998,1
495,15585865,Westerberg,673,France,Female,38,2,170062,2,0,0,134901,1
496,15804256,Hale,765,Germany,Male,36,8,92311,2,1,1,72925,0
497,15662403,Kryukova,622,France,Female,32,6,169089,2,1,0,101058,0
498,15733616,Sopuluchukwu,806,France,Male,40,5,80614,1,1,1,142839,0
499,15591995,Barry,757,Germany,Male,26,8,121582,2,1,1,127059,0
500,15677020,Selezneva,570,France,Female,58,8,0,1,0,1,116504,1
501,15727688,Chizuoke,555,Spain,Male,32,4,0,2,1,1,54406,0
502,15715941,Lueck,692,France,Male,54,5,0,2,1,1,88722,0
503,15714485,Udinese,774,France,Male,60,5,85892,1,1,0,74135,1
504,15730059,Udobata,638,Spain,Male,44,9,77637,2,1,1,111346,0
505,15715527,Freeman,543,Spain,Female,41,4,0,1,0,0,194902,0
506,15576623,Outlaw,584,France,Male,31,5,0,2,1,0,31474,0
507,15805565,Obiuto,691,Germany,Male,30,7,116928,1,1,0,21198,0
508,15677307,Lo,684,Germany,Female,40,6,137327,1,1,0,186977,0
509,15773890,Okechukwu,733,France,Male,22,5,0,2,1,1,117202,0
510,15598883,King,599,Spain,Female,37,2,0,2,1,1,143739,0
511,15568506,Forbes,524,Germany,Female,31,10,67239,2,1,1,161811,0
512,15761043,Macleod,632,Germany,Female,38,6,86570,2,1,0,98091,0
513,15782236,Gibbs,735,Spain,Male,34,5,0,2,0,0,71095,0
514,15593601,Isayev,734,France,Male,34,6,133598,1,1,1,13107,0
515,15682048,Pisano,605,France,Female,51,3,136189,1,1,1,67111,1
516,15746902,Belstead,793,Spain,Male,38,9,0,2,1,0,88225,0
517,15752081,Vassiliev,468,France,Female,56,10,0,3,0,1,62257,1
518,15781307,Schneider,779,Germany,Male,37,7,120093,2,1,0,135926,0
519,15775912,Mazzanti,698,France,Male,48,4,101238,2,0,1,177816,1
520,15745417,Knipe,707,France,Male,58,6,89686,1,0,1,126471,0
521,15671256,Macartney,850,France,Female,35,1,211774,1,1,0,188574,1
522,15653547,Madukwe,850,France,Male,56,7,131317,1,1,1,119175,0
523,15595766,Watts,527,Spain,Male,37,5,93723,2,1,1,139094,0
524,15742358,Humphreys,696,Germany,Male,32,8,101161,1,1,1,115917,0
525,15763274,Wu,661,France,Male,48,3,120321,1,0,0,96463,0
526,15786063,Chin,776,France,Female,31,2,0,2,1,1,112350,0
527,15600258,Chesnokova,701,France,Male,43,2,0,2,1,1,165304,0
528,15573318,Kung,610,France,Male,26,8,0,2,1,0,166031,0
529,15653849,Lu,572,Germany,Female,48,3,152828,1,1,0,38412,1
530,15694272,Nkemakolam,673,France,Male,30,1,64098,1,1,1,77783,0
531,15736112,Walton,519,Spain,Female,57,2,119035,2,1,1,29872,0
532,15749851,Brookes,702,Spain,Female,26,4,135220,1,0,1,59748,0
533,15663478,Baldwin,729,France,Male,32,6,93694,1,1,1,79919,0
534,15592300,Mai,543,Spain,Male,35,10,59409,1,1,0,76774,0
535,15567832,Shih,550,France,Female,40,7,114355,1,1,0,54019,0
536,15776780,He,608,France,Male,59,1,0,1,1,0,70650,1
537,15592846,Fiorentini,639,Germany,Male,35,10,128174,2,1,0,59093,0
538,15739803,Lucciano,686,Spain,Male,34,9,0,2,1,0,127570,0
539,15794142,Ferreira,564,Germany,Female,62,5,114931,3,0,1,18261,1
540,15762729,Ukaegbunam,745,Germany,Female,28,1,111071,1,1,0,73276,1
541,15667896,"De Luca",833,France,Male,37,8,151226,2,1,1,136129,0
542,15626578,Milne,622,France,Male,26,9,0,2,1,1,153238,0
543,15776223,Davide,597,France,Female,42,4,64740,1,1,1,106841,0
544,15705953,Kodilinyechukwu,721,Spain,Male,51,0,169312,1,1,0,109078,1
545,15802593,Little,504,France,Female,49,7,0,3,0,1,87822,1
546,15615457,Burns,842,Spain,Female,44,2,112652,2,1,0,126645,0
547,15708916,Paterson,587,France,Male,38,0,0,2,1,0,47414,0
548,15720187,Han,479,Germany,Female,30,7,143964,2,1,0,41880,0
549,15595440,Kryukova,508,France,Male,49,7,122451,2,1,1,75808,0
550,15600651,Ijendu,749,France,Male,24,1,0,3,1,1,47911,0
551,15750141,Reichard,721,Germany,Female,36,3,65253,2,1,0,28738,0
552,15657284,Day,674,Germany,Male,47,6,106902,1,1,1,2079,1
553,15763063,Price,685,Spain,Female,25,10,128510,1,1,0,121562,0
554,15709324,Bruce,417,France,Male,34,7,0,2,1,0,55004,0
555,15711309,Sumrall,574,Germany,Male,33,3,129835,1,1,0,193131,0
556,15775318,Lu,590,Spain,Female,51,3,154963,3,0,1,191932,1
557,15705515,Lazarev,587,Germany,Male,40,5,138242,2,1,0,159418,0
558,15634844,Miller,598,Germany,Male,41,3,91537,1,1,0,191469,1
559,15717046,Wentworth-Shields,741,Spain,Male,53,3,0,2,1,1,38914,0
560,15571816,Ritchie,850,Spain,Female,70,5,0,1,1,1,705,0
561,15670080,Mackenzie,584,Germany,Female,29,7,105204,1,0,1,138490,0
562,15800440,Power,650,Spain,Male,61,1,152969,1,0,1,82971,0
563,15665678,Tan,607,Spain,Male,36,8,158262,1,1,1,76745,0
564,15665956,Pendergrass,509,France,Female,46,1,0,1,1,0,71245,1
565,15788126,Evans,689,Spain,Female,38,6,121021,1,1,1,12182,0
566,15811773,Hsia,543,France,Male,36,4,0,2,1,1,141211,0
567,15651674,Billson,438,Spain,Female,54,2,0,1,0,0,191763,1
568,15689614,Teng,687,Spain,Female,63,1,137716,1,1,1,37939,0
569,15795564,Moretti,737,Germany,Male,31,5,121192,2,1,1,74891,0
570,15706647,Jordan,761,France,Male,31,7,0,3,1,1,166698,0
571,15728505,Ts'ao,601,France,Male,44,1,100486,2,1,1,62679,0
572,15730076,Osborne,651,France,Male,45,1,0,1,1,0,67740,1
573,15622003,Carslaw,745,France,Male,35,9,92567,2,1,0,161520,0
574,15607312,Ch'ang,648,Spain,Female,49,10,0,2,1,1,159836,1
575,15644753,Hung,848,Spain,Male,40,3,110930,1,1,1,30877,0
576,15653620,Gordon,546,France,Female,27,8,0,2,1,1,14858,0
577,15761986,Obialo,439,Spain,Female,32,3,138902,1,1,0,75686,0
578,15633922,Gray,755,France,Male,30,4,123218,2,0,1,144183,0
579,15734674,Lin,593,France,Female,41,6,0,1,1,0,65171,0
580,15658032,Hopkins,701,France,Male,39,2,0,2,1,1,82527,0
581,15692671,Dobson,701,Spain,Male,36,8,0,2,1,0,169161,0
582,15737741,McKay,607,Spain,Female,33,2,108432,2,0,1,109291,1
583,15576352,Revell,586,Spain,Female,57,3,0,2,0,1,6058,0
584,15753719,Rickards,547,Germany,Female,30,9,72392,1,1,0,77077,0
585,15803689,Begum,647,Germany,Female,51,1,119742,2,0,0,54955,1
586,15718057,Onyinyechukwuka,760,France,Female,51,2,100947,1,0,0,179615,1
587,15722010,Zuyev,621,Spain,Male,53,9,170492,1,1,0,35588,1
588,15680998,Nwankwo,725,France,Male,44,5,0,1,1,1,117356,0
589,15614782,Hao,526,France,Male,36,1,0,1,1,0,160697,0
590,15591047,Ma,519,Spain,Female,47,6,157296,2,0,0,147278,1
591,15788291,Okwuadigbo,713,Germany,Female,38,7,144606,1,1,1,56594,1
592,15604044,Mitchell,700,France,Male,38,8,134811,1,1,0,1300,0
593,15679587,Chan,666,France,Female,34,9,115897,1,1,1,25095,0
594,15775153,Buchi,630,Spain,Male,32,4,82034,1,0,0,146326,0
595,15603925,Greco,779,Spain,Female,26,4,174318,2,0,1,38296,0
596,15680970,Lombardi,611,Germany,Female,41,2,114207,1,1,0,164062,0
597,15697183,Uchenna,685,Spain,Male,43,9,0,2,1,0,107811,0
598,15567446,Coffman,646,Germany,Male,39,9,111574,1,1,1,30839,0
599,15637476,Alexandrova,683,Germany,Female,57,5,162449,1,0,0,9222,1
600,15714939,Fallaci,484,Germany,Female,34,4,148250,1,0,1,33738,0
601,15683503,Hudson,601,France,Female,43,8,0,3,0,1,110916,1
602,15645569,Mai,762,Spain,Female,26,7,123709,2,1,1,169655,0
603,15782569,Stout,687,France,Female,72,9,0,1,0,1,69829,0
604,15592387,Burke,566,France,Male,30,5,0,1,1,0,54927,1
605,15609286,Chadwick,702,France,Male,37,10,150526,1,1,1,94728,0
606,15814035,Lawrence,601,France,Male,29,9,0,1,1,1,80393,0
607,15661249,Bellucci,699,France,Male,53,4,0,2,0,1,111308,0
608,15629117,Harper,584,France,Male,28,10,0,2,1,0,19834,0
609,15607170,Boyle,699,France,Male,35,5,0,2,1,1,78397,0
610,15586585,Duncan,698,Germany,Female,51,2,111019,1,1,0,86410,0
611,15686611,Moss,495,France,Male,30,10,129756,1,0,0,172750,0
612,15603203,Avdeyeva,650,France,Female,27,6,0,2,1,0,1002,0
613,15619857,Crawford,605,France,Female,64,2,129556,1,1,1,13602,0
614,15805062,Lynton,667,Spain,Male,38,1,87202,1,1,1,77867,0
615,15660271,Duncan,688,Germany,Male,26,8,146133,1,1,1,175297,0
616,15745295,Gether,727,Spain,Female,31,0,0,1,1,0,121751,1
617,15719352,Davidson,754,Spain,Male,39,6,170185,2,1,0,89593,0
618,15766575,Larionova,612,Germany,Female,62,8,140745,1,1,0,193438,1
619,15594594,Loggia,546,Spain,Male,42,7,139071,1,1,1,86945,0
620,15646161,Steinhoff,673,Spain,Female,37,8,0,2,1,1,183319,0
621,15682585,Guerra,593,France,Male,35,9,114193,1,1,0,71154,0
622,15603134,Pai,656,Spain,Female,40,10,167879,1,0,1,151887,0
623,15636444,Craig,535,Germany,Female,53,5,141617,2,1,1,75889,0
624,15773456,Lazareva,678,Germany,Male,36,3,145748,2,0,1,89567,0
625,15745307,Ch'iu,477,Spain,Female,48,2,129121,1,0,1,26476,0
626,15604119,Alderete,850,Spain,Male,35,7,110350,1,0,0,126356,0
627,15626900,Kung,427,France,Male,29,1,141326,1,1,1,93839,0
628,15605447,Palermo,752,France,Male,49,2,78654,1,1,0,7699,0
629,15589030,Ts'ai,649,France,Male,47,1,0,2,1,1,145594,0
630,15692463,Rahman,799,Spain,Female,28,3,142254,1,1,0,45043,0
631,15712403,McMillan,589,France,Female,61,1,0,1,1,0,61109,1
632,15811762,Pickering,583,Germany,Female,54,6,115989,1,1,0,57554,1
633,15718673,Mirams,839,Spain,Female,33,10,75592,1,1,0,62674,0
634,15724282,Tsao,540,Germany,Male,44,3,164113,2,1,1,12121,0
635,15738181,Douglas,850,France,Male,31,6,67996,2,0,0,50130,1
636,15633648,Jideofor,696,Spain,Female,51,5,0,2,1,0,55022,0
637,15603323,Bell,660,Spain,Female,33,1,0,2,0,0,117835,0
638,15583725,Mairinger,682,France,Male,48,1,138778,1,0,1,168840,0
639,15588350,McIntyre,744,France,Female,43,10,147832,1,0,1,24234,0
640,15798398,Pagnotto,785,France,Female,36,4,135438,1,0,0,190627,0
641,15784844,K'ung,752,Spain,Male,48,5,116060,1,1,0,156618,1
642,15580684,Feng,706,France,Female,29,5,112565,1,1,0,42334,0
643,15809663,Donaldson,583,France,Female,27,1,125407,1,1,1,110784,0
644,15640078,Chambers,660,Germany,Female,39,5,135135,1,1,0,173683,1
645,15698786,Marcelo,819,France,Female,39,9,133103,1,1,0,27046,1
646,15569807,Ejimofor,673,France,Female,34,8,42157,1,1,0,20599,1
647,15730830,Dale,752,France,Female,30,3,0,2,1,1,104991,0
648,15805112,Pokrovsky,578,France,Male,38,7,82259,1,1,0,8997,0
649,15633064,Stonebraker,438,France,Female,36,4,0,2,1,0,64421,0
650,15703119,Liang,652,France,Male,38,6,0,2,1,1,145700,0
651,15730447,Anderson,629,France,Female,49,4,0,2,1,1,196335,0
652,15813850,Christian,720,France,Male,52,7,0,1,1,1,14781,0
653,15711889,Mao,668,France,Male,42,3,150461,1,1,0,108139,0
654,15664610,Campbell,459,Germany,Male,48,4,133995,1,1,1,19287,1
655,15751710,Ginikanwa,729,Spain,Male,31,8,164871,2,1,1,9567,0
656,15692926,Toscani,498,Germany,Male,25,8,121703,1,1,1,132210,0
657,15813741,Nnachetam,549,Spain,Male,25,6,193858,1,0,1,21600,0
658,15698474,Sagese,601,Germany,Female,54,1,131040,2,1,1,199662,0
659,15568595,Fleming,544,France,Male,64,9,113829,1,1,1,124341,0
660,15603065,Grubb,751,France,Female,30,6,0,2,1,0,15766,0
661,15592937,Napolitani,632,Germany,Female,41,3,81877,1,1,1,33642,0
662,15699637,Anenechi,694,Spain,Male,57,8,116326,1,1,1,117705,0
663,15667215,Chandler,678,France,Male,31,2,0,2,1,1,58803,0
664,15788659,Howells,695,France,Male,46,4,0,2,1,1,137537,0
665,15763218,Akeroyd,661,France,Female,41,1,0,2,0,1,131301,0
666,15645772,Onwumelu,661,France,Male,33,9,0,2,1,1,84175,0
667,15725511,Wallace,559,France,Female,31,3,127071,1,0,1,160942,0
668,15575024,Uwaezuoke,503,France,Male,29,3,0,2,1,1,143955,0
669,15640825,Loyau,695,Spain,Male,46,3,122550,1,1,1,56298,0
670,15662397,Small,640,France,Female,42,5,176099,1,1,1,8405,0
671,15576368,Bledsoe,624,Germany,Female,48,3,122388,2,0,0,30020,0
672,15674991,Kao,667,France,Male,42,9,0,2,0,1,58137,0
673,15721024,Wickens,642,France,Male,26,0,0,1,0,0,47473,0
674,15745621,Wertheim,640,Spain,Female,32,6,118879,2,1,1,19132,0
675,15642394,He,529,Spain,Male,35,5,0,2,1,1,187289,0
676,15754605,Jarvis,563,France,Female,39,5,0,2,1,1,17604,0
677,15607040,P'an,593,Spain,Female,38,4,88736,2,1,0,67020,0
678,15715142,Repina,739,Germany,Male,45,7,102704,1,0,1,147803,1
679,15810978,Pugliesi,788,Spain,Female,70,1,0,2,1,1,41611,0
680,15668886,Blakey,684,Spain,Female,38,3,0,2,1,0,44256,0
681,15780804,Nucci,482,France,Male,55,5,97318,1,0,1,78416,0
682,15613880,Higinbotham,591,Spain,Male,58,5,128469,1,0,1,137255,0
683,15775238,Achebe,651,Germany,Female,41,4,133433,1,0,1,151303,0
684,15786905,Russo,749,Germany,Female,40,8,141783,2,0,0,86334,0
685,15747867,Trevisani,583,France,Male,24,9,135125,1,0,0,89802,0
686,15600337,Dobie,661,Spain,Male,42,2,178821,1,0,0,29359,1
687,15801277,Maccallum,715,France,Female,31,2,112212,2,1,1,181601,0
688,15579334,Watkins,769,Germany,Female,45,5,126675,1,1,0,124119,1
689,15802741,Mitchel,625,France,Female,51,7,136295,1,1,0,38867,1
690,15720649,Ferdinand,641,France,Female,36,5,66393,1,1,0,31107,0
691,15589493,Otitodilinna,716,Germany,Male,27,1,122552,2,1,0,67611,0
692,15688251,Mamelu,767,France,Male,43,1,76409,2,1,0,77838,0
693,15665238,Beneventi,745,Germany,Male,36,8,145071,1,0,0,6078,0
694,15740900,Perrodin,589,France,Male,34,6,0,2,1,1,177897,0
695,15681068,Chinagorom,796,France,Female,45,2,109730,1,1,1,123883,0
696,15748625,Napolitano,664,France,Male,57,6,0,2,1,1,15304,0
697,15727299,Edgar,445,Spain,Male,62,1,64119,1,1,1,76570,1
698,15620204,Walker,543,Germany,Female,57,1,106138,2,1,1,120657,1
699,15669516,Steele,746,Spain,Male,36,2,0,2,1,1,16437,0
700,15736534,Elkins,742,Germany,Male,33,0,181657,1,1,1,107668,0
701,15803457,Hao,750,France,Female,32,5,0,2,1,0,95611,0
702,15659098,Toscano,669,France,Male,30,7,95129,1,0,0,19799,0
703,15603436,Savage,594,Spain,Female,49,2,126616,2,0,1,123215,0
704,15566292,Okwuadigbo,574,Spain,Male,36,1,0,2,0,1,71709,0
705,15808621,Mordvinova,659,Germany,Male,36,2,76190,2,1,1,149066,0
706,15580148,Welch,750,Germany,Male,40,5,168287,3,1,0,20452,1
707,15776231,Kent,626,Germany,Male,35,4,88110,1,1,1,32826,0
708,15773809,Campbell,620,France,Male,42,4,0,2,1,0,6232,0
709,15649423,Cooper,580,France,Female,35,8,0,2,0,1,10357,0
710,15734886,Mazzi,686,France,Female,34,3,123972,2,1,0,147795,0
711,15722548,Fisher,540,France,Male,48,0,148116,1,0,0,116973,0
712,15650288,Summers,634,Germany,Male,35,6,116269,1,1,0,129965,0
713,15629448,Brady,632,Spain,Male,38,1,120599,1,1,0,92817,0
714,15716164,Nicholls,501,France,Female,41,3,144261,1,1,0,172115,0
715,15807609,Yuan,650,Spain,Female,25,3,86606,3,1,0,16649,1
716,15578977,Robinson,786,France,Male,34,9,0,2,1,0,144517,0
717,15677369,Golubov,554,Germany,Female,37,4,58630,1,0,0,182039,0
718,15804072,Chen,701,Spain,Female,42,5,0,2,0,0,24211,0
719,15696859,Oldham,474,France,Male,45,10,0,2,0,0,172176,0
720,15653780,Kambinachi,621,France,Female,43,5,0,1,1,1,47578,0
721,15721658,Fleming,672,Spain,Female,56,2,209767,2,1,1,150694,1
722,15578761,Cunningham,459,Spain,Female,42,6,129634,2,1,1,177683,1
723,15736879,Obinna,669,France,Male,23,1,0,2,0,0,66089,0
724,15571973,Chinwemma,776,France,Female,38,2,169824,1,1,0,169292,0
725,15626742,Carpenter,694,France,Male,36,3,97530,1,1,1,117140,0
726,15672692,Yin,787,France,Female,42,10,145989,2,1,1,79510,0
727,15673570,Olsen,580,France,Male,37,9,0,2,0,1,77109,0
728,15767432,Ts'ai,711,France,Female,25,7,0,3,1,1,9679,0
729,15654238,Jen,673,France,Female,40,5,137494,1,1,0,81754,0
730,15612525,Preston,499,France,Female,57,1,0,1,0,0,131372,1
731,15812750,Ozioma,591,France,Male,24,6,147360,1,1,1,25311,0
732,15790757,Cody,769,France,Female,25,10,0,2,0,0,187926,0
733,15723873,Ponomarev,657,Spain,Male,31,3,125167,1,0,0,98820,0
734,15744607,Martin,738,Germany,Male,43,9,121152,2,1,0,64167,1
735,15612966,Milani,545,Germany,Female,60,7,128981,1,0,1,176924,1
736,15784209,Tang,497,France,Male,47,6,0,1,1,1,90055,0
737,15794278,Romani,816,Spain,Male,67,6,151859,1,1,1,72814,0
738,15766741,McIntyre,525,France,Male,36,2,114628,1,0,1,168290,0
739,15661036,Davis,725,France,Male,46,6,0,2,1,0,161767,0
740,15705639,Onyemauchechukwu,692,France,Female,28,8,95059,2,1,0,44420,0
741,15637414,Gell,618,France,Female,24,7,128736,1,0,1,37148,0
742,15716835,Rossi,546,France,Male,24,8,156325,1,1,1,125381,0
743,15696231,Chiwetelu,635,France,Male,29,7,105406,1,1,1,149854,0
744,15641675,Kirillova,611,France,Female,49,2,88915,3,0,0,161435,1
745,15670755,Shaw,650,France,Male,60,8,0,2,1,1,102926,0
746,15640059,Smith,606,France,Male,40,5,0,2,1,1,70899,0
747,15787619,Hsieh,844,France,Male,18,2,160980,1,0,0,145936,0
748,15587535,Onyemauchechukwu,450,Spain,Female,46,5,177620,1,1,0,54227,0
749,15813034,Martin,727,Spain,Male,38,2,62277,1,1,1,59281,0
750,15698839,Okwudilichukwu,460,Germany,Male,46,4,127560,2,1,1,126953,0
751,15790314,Onuoha,649,France,Male,41,0,0,2,0,1,130567,0
752,15634245,Muecke,758,Germany,Female,47,9,95523,1,1,0,73294,0
753,15677305,Hsieh,490,France,Female,35,7,107749,1,1,1,3937,0
754,15661526,Anderson,815,Germany,Male,37,2,110777,2,1,0,2384,0
755,15685997,Azubuike,838,Spain,Female,39,5,166734,2,1,0,14279,0
756,15660101,Nnonso,803,France,Male,31,9,157121,2,1,0,141301,0
757,15637979,Fuller,664,Germany,Female,36,2,127161,2,1,0,78141,0
758,15815364,Ashley,736,Spain,Female,28,2,0,2,1,1,117431,0
759,15647099,Ts'ui,633,France,Female,37,9,156092,1,1,0,72009,0
760,15625944,Buccho,664,France,Male,58,5,98668,1,1,1,60888,0
761,15583212,Chidozie,600,France,Female,43,5,134022,1,1,0,194765,0
762,15582741,Maclean,693,France,Female,35,5,124151,1,1,0,88705,1
763,15637876,Burns,663,Germany,Female,36,6,77254,1,0,0,35818,1
764,15622750,Chu,742,Germany,Female,21,1,114292,1,1,0,31520,0
765,15672056,Kenenna,710,Germany,Male,43,2,140080,3,1,1,157908,1
766,15812351,Beluchi,710,Spain,Female,27,2,135278,1,1,0,142200,0
767,15810864,Williamson,700,France,Female,82,2,0,2,0,1,182055,0
768,15677921,Bobrov,720,Germany,Male,60,9,115921,2,0,0,157552,1
769,15724296,Kerr,684,Spain,Male,41,2,119783,2,0,0,120285,0
770,15685329,McKenzie,531,France,Female,63,1,114716,1,0,1,24507,1
771,15584091,Pitts,742,Germany,Female,36,2,129749,2,0,0,47272,1
772,15640442,Standish,717,France,Male,31,4,129723,1,0,0,41177,0
773,15639314,Cartwright,589,France,Male,32,2,0,2,0,1,9469,0
774,15685320,Johnstone,767,France,Male,36,3,139180,1,0,0,123880,0
775,15789158,Nikitina,636,Germany,Male,49,6,113600,2,1,0,158887,1
776,15752137,McElroy,648,France,Male,33,7,134944,1,1,1,117036,0
777,15712551,Shen,622,Germany,Female,58,7,116922,1,1,0,120416,1
778,15628936,Archer,692,Spain,Male,28,9,118945,1,0,0,16064,1
779,15797227,Otutodilinna,754,France,Male,28,8,0,2,1,1,52616,0
780,15769974,Shih,679,Spain,Female,35,8,119183,1,0,0,121210,0
781,15737051,Denisov,639,France,Male,27,8,0,2,1,0,192247,0
782,15585595,Owens,774,France,Female,28,1,71264,2,0,1,68760,0
783,15654060,P'eng,517,France,Male,41,2,0,2,0,1,75937,0
784,15745196,Verco,571,France,Female,35,8,0,2,0,0,84569,0
785,15571221,Bergamaschi,747,Germany,Male,58,7,116314,1,1,1,190696,1
786,15660155,Lorenzo,792,Spain,Male,36,5,92140,1,0,1,67469,0
787,15605284,Outtrim,688,France,Male,26,1,0,2,1,1,104436,0
788,15694366,Hou,714,Germany,Male,42,2,177640,1,0,1,47167,0
789,15600739,Galkin,562,Spain,Female,35,0,0,2,1,0,119900,0
790,15653253,Pagnotto,704,Spain,Male,48,8,167998,1,1,1,173498,0
791,15763431,Echezonachukwu,698,France,Male,36,2,82275,2,1,1,93249,0
792,15643696,Young,611,France,Male,49,3,0,2,1,1,142918,0
793,15707473,Summers,850,Germany,Female,48,6,111963,1,1,0,111756,0
794,15769504,Munro,743,Germany,Female,34,1,131737,1,1,1,108543,0
795,15776807,Brennan,654,France,Male,29,1,0,1,1,0,180345,0
796,15686870,Ball,761,Germany,Male,36,8,108239,2,0,0,99444,0
797,15668747,Virgo,702,France,Female,46,9,98444,1,0,1,109563,0
798,15766908,Trevisani,488,Germany,Male,32,3,114540,1,1,0,92568,0
799,15570134,Padovano,683,France,Female,35,6,187531,2,1,1,37976,0
800,15567367,Tao,601,Germany,Female,42,9,133636,1,0,1,103316,0
801,15747542,Perez,605,France,Male,52,7,0,2,1,1,173953,0
802,15762238,Fraser,671,Germany,Female,44,0,84745,2,0,1,34674,0
803,15681554,Alley,614,Germany,Female,31,7,120599,2,1,1,46163,0
804,15712825,Howells,511,Spain,Female,29,9,0,2,0,1,140677,0
805,15640280,Cameron,850,France,Male,39,4,127771,2,0,1,151739,0
806,15756026,Hooper,790,Spain,Female,46,9,0,1,0,0,14680,1
807,15613319,Rice,793,France,Female,33,0,0,1,0,0,175544,0
808,15798906,Cox,628,France,Male,69,5,0,2,1,1,181965,0
809,15708917,Martin,598,Germany,Male,53,10,167773,1,1,1,136887,0
810,15778463,Ikenna,657,France,Female,37,6,95846,1,1,0,122218,0
811,15699430,Davide,618,France,Female,35,10,0,2,1,0,180440,0
812,15649992,Alexander,681,Spain,Male,65,7,134715,2,0,1,190420,0
813,15578980,Piazza,516,Spain,Female,33,3,0,2,1,1,58686,0
814,15775306,Ni,421,Germany,Male,28,8,122384,3,1,1,89017,1
815,15641655,Black,700,France,Female,26,2,0,2,0,0,50051,0
816,15619708,Harker,745,France,Male,25,5,157993,2,1,0,146041,0
817,15734565,Hughes,696,France,Male,29,8,0,2,1,0,191166,0
818,15806438,Chiabuotu,580,Germany,Female,42,2,123331,1,0,0,103516,1
819,15591969,Kuo,497,Spain,Male,27,9,75263,1,1,1,164825,0
820,15747807,Gallagher,720,France,Female,43,6,137824,2,1,0,172558,0
821,15596939,Calabresi,659,Germany,Male,36,4,132579,2,1,0,84321,0
822,15716155,Shaw,841,France,Female,36,5,156021,1,0,0,122663,0
823,15765311,Zhirov,642,Spain,Male,34,8,0,1,1,0,72085,0
824,15757811,Lloyd,732,Spain,Female,69,9,137453,1,0,1,110932,1
825,15603830,Palmer,600,Spain,Male,36,4,0,2,1,0,143635,0
826,15660602,Ch'eng,464,Germany,Male,33,8,164285,2,1,1,3710,0
827,15660535,Avent,680,France,Female,47,5,0,2,1,1,179843,0
828,15666633,Huang,758,Spain,Male,56,1,0,2,1,1,10643,0
829,15596914,Shaw,630,Germany,Female,31,2,112373,2,1,1,131168,0
830,15639788,Yuan,577,France,Female,39,10,0,2,1,0,10553,0
831,15695846,Hawkins,684,France,Female,34,6,0,2,1,1,130928,0
832,15726234,Trentini,708,Spain,Female,41,5,0,1,0,1,157004,0
833,15797964,Cameron,732,Germany,Female,29,1,154334,1,1,1,138528,0
834,15625881,Koehler,634,Germany,Male,37,3,111433,2,1,1,167032,0
835,15780628,Wu,633,France,Female,30,6,0,2,0,0,41642,0
836,15575883,Manna,559,France,Male,34,2,137390,2,1,0,9677,0
837,15585036,Okoli,694,Spain,Female,37,3,0,2,1,1,147012,0
838,15589488,Ch'eng,686,Germany,Female,56,5,111642,1,1,1,80554,0
839,15585888,Nwokezuike,553,Spain,Female,48,3,0,1,0,1,30731,1
840,15727915,Artemiev,507,France,Male,36,4,83543,1,0,0,140134,0
841,15707567,Esposito,732,Germany,Male,50,6,145339,1,0,0,91936,1
842,15737792,Abbie,818,France,Female,31,1,186796,1,0,0,178253,0
843,15599433,Fanucci,660,Germany,Male,35,8,58641,1,0,1,198674,0
844,15672012,Jen,773,Spain,Female,41,5,0,1,1,0,28267,1
845,15806983,Moss,640,France,Male,44,3,137149,1,1,0,92381,0
846,15592222,Lo,505,France,Male,49,7,80001,1,0,0,135180,0
847,15608968,Averyanov,714,Germany,Male,21,6,86403,2,0,0,27331,0
848,15586959,Unaipon,468,France,Female,42,5,0,2,1,0,125305,0
849,15646558,Clamp,611,Spain,Male,51,1,122875,1,1,1,149648,0
850,15725811,Lim,705,France,Male,25,0,97544,1,0,1,59887,0
851,15572265,Wu,646,Germany,Male,46,1,170827,2,1,0,45041,0
852,15794048,Wan,667,Germany,Female,48,1,97134,2,0,0,113317,1
853,15677610,Chambers,511,Germany,Female,41,8,153896,1,1,1,39087,0
854,15745012,Pettit,653,France,Female,43,6,0,2,1,1,7331,0
855,15601589,Baresi,675,France,Female,57,8,0,2,0,1,95463,0
856,15686436,Newbery,523,Spain,Male,32,4,0,2,1,0,167848,0
857,15693864,Iheanacho,567,Germany,Female,49,5,134956,1,1,0,93954,1
858,15760550,Duncan,741,Spain,Male,39,7,143638,2,0,1,174228,0
859,15686137,Barry,456,Spain,Male,32,9,147506,1,1,1,135399,0
860,15809087,Landry,598,France,Male,64,1,0,2,1,0,195635,1
861,15807663,McGregor,667,France,Male,43,8,190227,1,1,0,97508,1
862,15809100,Nucci,548,France,Female,32,2,172449,1,1,0,188084,1
863,15794916,Pirogov,725,France,Male,41,7,113980,1,1,1,116704,0
864,15614215,Oguejiofor,717,France,Male,53,6,0,2,0,1,97615,0
865,15805449,Ugochukwu,594,France,Male,38,4,0,2,0,0,186884,0
866,15686983,Rohu,678,Germany,Female,25,10,76968,2,0,1,131502,0
867,15808017,Cary,545,France,Male,38,1,88293,2,1,1,24303,0
868,15756804,O'Loghlen,636,France,Female,48,1,170833,1,1,0,110510,1
869,15646810,Quinn,603,Germany,Male,44,6,108122,2,1,0,108488,1
870,15710424,Page,435,France,Male,36,4,0,1,1,1,197015,0
871,15799422,Evans,535,France,Female,40,8,0,1,1,1,27690,0
872,15692750,McGregor,629,Germany,Female,45,7,129818,3,1,0,9218,1
873,15794549,Andrews,722,France,Female,35,2,163944,2,1,1,15068,0
874,15803764,Stanley,561,France,Male,28,7,0,2,1,0,7797,0
875,15674840,Chiazagomekpere,645,France,Female,38,5,101430,2,0,1,4400,0
876,15653762,Chidiebele,501,France,Female,39,9,117302,1,0,0,182026,0
877,15581229,Gregory,502,Germany,Female,32,1,173341,1,0,1,122764,0
878,15800228,Bednall,652,Spain,Female,42,4,0,2,1,1,38152,0
879,15656333,Jen,574,France,Female,33,3,134349,1,1,0,63164,0
880,15697497,She,518,France,Female,45,9,105526,2,1,1,73418,0
881,15585362,Simmons,749,France,Female,60,6,0,1,1,0,17979,1
882,15571928,Fraser,679,France,Female,43,4,0,3,1,0,115137,1
883,15785519,May,565,France,Male,36,6,106192,1,1,0,149576,0
884,15743007,Seabrook,643,France,Female,45,4,45144,1,1,0,60917,1
885,15777211,Herrera,515,France,Male,65,7,92114,1,1,1,142548,0
886,15721935,Kincaid,521,France,Male,25,7,0,2,1,1,157879,0
887,15591711,Sleeman,739,Spain,Male,38,0,128366,1,1,0,12796,0
888,15625021,Hung,585,France,Male,42,2,0,2,1,1,18658,0
889,15702968,Artemieva,733,Germany,Male,74,3,106546,1,1,1,134590,0
890,15600462,Barwell,542,France,Female,43,8,145618,1,0,1,10351,0
891,15768104,Wright,788,Spain,Male,37,8,141541,1,0,0,66013,0
892,15780140,Bellucci,435,Germany,Male,32,2,57017,2,1,1,5907,0
893,15585255,Moore,577,France,Male,42,9,0,1,1,0,74078,0
894,15772781,Ball,703,France,Female,51,3,0,3,1,1,77295,1
895,15669987,Sung,728,Germany,Female,35,8,125885,2,1,0,54359,1
896,15697000,Mello,728,Germany,Male,32,5,61826,1,1,1,156125,0
897,15733119,Mistry,718,France,Male,35,8,0,2,1,0,94821,0
898,15782390,T'ien,621,France,Female,40,6,0,1,1,0,155155,0
899,15654700,Fallaci,523,France,Female,40,2,102967,1,1,0,128702,1
900,15632210,Hill,657,Germany,Male,25,2,171771,1,1,0,22746,0
901,15642041,Burns,727,Germany,Male,40,1,93052,2,1,0,71865,1
902,15709737,Hunter,643,France,Male,36,7,161065,2,0,1,84295,0
903,15792388,Li,645,France,Female,48,7,90612,1,1,1,149139,0
904,15786014,Ku,568,France,Male,28,5,145106,2,1,0,185489,0
905,15794580,Ch'en,599,France,Male,58,4,0,1,0,0,176407,1
906,15675964,Chukwukadibia,672,France,Female,45,9,0,1,1,1,92028,1
907,15814275,Zikoranachidimma,685,France,Male,33,6,174913,1,1,1,43933,0
908,15724848,Oluchukwu,516,France,Female,46,1,104948,1,1,0,115789,1
909,15754713,Rivera,685,Spain,Male,31,10,135214,1,1,1,125777,0
910,15693814,Niu,806,Spain,Male,25,7,0,2,1,0,18462,0
911,15599660,Bennett,604,France,Male,36,6,116230,2,1,1,79633,0
912,15746490,Wollstonecraft,648,Spain,Female,53,6,111201,1,1,1,121542,0
913,15566091,Thomsen,545,Spain,Female,32,4,0,1,1,0,94739,0
914,15655961,Palermo,756,Germany,Male,27,1,131899,1,1,0,93302,0
915,15710404,Chinwendu,569,France,Male,35,10,124526,1,1,1,193794,0
916,15775625,McKenzie,596,France,Male,47,6,0,1,1,0,74836,0
917,15792328,James,475,France,Male,39,6,0,1,1,1,57000,1
918,15719856,Lamb,646,France,Female,45,3,47135,1,1,1,57236,0
919,15593773,Olejuru,784,Spain,Male,35,3,0,2,0,0,81484,0
920,15733114,Hay,552,Spain,Male,45,9,0,2,1,0,26753,0
921,15797748,Lu,729,France,Male,44,5,0,2,0,1,9201,0
922,15743411,Chiawuotu,609,Spain,Male,61,1,0,1,1,0,22448,1
923,15753337,Yeates,555,France,Male,51,5,0,3,1,0,189123,1
924,15601026,Gallagher,572,Germany,Female,19,1,138657,1,1,1,16162,0
925,15658485,Heath,785,France,Female,34,9,70302,1,1,1,68600,0
926,15636731,Ts'ai,714,Germany,Female,36,1,101609,2,1,1,448,0
927,15628303,Thurgood,738,Spain,Male,35,3,0,1,1,1,15651,0
928,15633461,Pai,639,Germany,Male,38,5,130171,1,1,1,149600,0
929,15677135,Lorenzo,520,Germany,Male,61,8,133802,2,1,1,90304,0
930,15590876,Knupp,764,France,Female,24,7,106234,1,0,0,115676,0
931,15790782,Baryshnikov,661,Spain,Male,39,6,132629,1,0,0,38813,0
932,15700476,Azubuike,564,Germany,Male,41,9,103523,2,1,1,34338,0
933,15634141,Shephard,708,Germany,Female,42,8,192391,2,1,0,823,0
934,15737795,Scott,512,Spain,Male,36,1,0,1,0,1,135482,1
935,15790299,Williamson,592,Spain,Male,37,9,0,3,1,1,10657,0
936,15675316,Avdeeva,619,France,Female,38,3,0,2,0,1,116467,0
937,15613630,Tang,775,France,Male,52,8,109923,1,1,1,96823,1
938,15662100,Hsu,850,Germany,Female,44,5,128605,1,0,1,171096,0
939,15668032,Buchanan,577,France,Female,37,4,0,1,1,1,79881,0
940,15599289,Yeh,724,France,Female,37,10,68599,1,1,0,157863,0
941,15754084,Palazzi,710,Spain,Male,35,1,106519,1,1,1,127952,0
942,15676521,Y?an,696,France,Female,31,8,0,2,0,0,191074,0
943,15804586,Lin,376,France,Female,46,6,0,1,1,0,157334,1
944,15781465,Schofield,675,Germany,Female,29,8,121326,1,1,0,133458,0
945,15729362,Lombardi,745,France,Male,36,8,67226,1,1,0,130790,0
946,15709295,Wall,697,Spain,Female,25,5,82932,2,1,1,128374,0
947,15745324,Milani,599,Spain,Female,39,4,0,1,1,0,194273,1
948,15741336,Ejimofor,715,France,Female,38,5,118590,1,1,1,5684,1
949,15783659,Blackburn,659,France,Male,67,4,145982,1,1,1,131043,0
950,15620981,Wickham,684,France,Female,48,3,73309,1,0,0,21228,1
951,15630328,Bird,635,France,Female,48,8,130796,2,1,1,43250,0
952,15785899,Ch'en,789,Germany,Male,33,8,151608,1,1,0,4389,0
953,15606149,Wood,571,Germany,Female,66,9,111577,1,0,1,189272,0
954,15671139,Brizendine,694,Spain,Male,39,0,107043,1,1,1,102284,0
955,15660429,Ch'in,665,Spain,Female,42,2,156372,2,0,1,156775,1
956,15571002,Yusupov,706,France,Female,44,4,129606,1,0,0,69865,0
957,15631681,Jibunoh,807,Spain,Female,43,0,0,2,0,1,85523,0
958,15731522,Ts'ui,771,Spain,Female,67,8,0,2,1,1,51220,0
959,15619529,Ndukaku,531,Spain,Male,27,8,132576,1,0,0,7223,0
960,15628034,Wilder,629,France,Female,37,6,129101,1,1,1,23971,0
961,15686164,Maclean,850,Germany,Female,31,1,108822,1,1,1,132173,0
962,15582797,Ch'iu,685,Spain,Male,35,4,137949,1,1,0,113640,0
963,15753831,Cox,642,Spain,Male,32,7,100434,1,1,1,39769,0
964,15731815,Nepean,529,Spain,Male,63,4,96134,3,1,0,108733,1
965,15580956,McNess,683,Germany,Female,43,4,115888,1,1,1,117349,1
966,15602084,Coles,663,France,Female,42,5,124626,1,1,1,78005,0
967,15589805,Benson,563,France,Female,34,6,139810,1,1,1,152418,0
968,15720893,Gilbert,637,Spain,Female,34,9,0,2,0,0,26057,0
969,15641009,Wilhelm,544,France,Male,37,3,84497,1,0,0,79972,0
970,15605926,Sinclair,649,Germany,Male,70,9,116855,2,0,1,107126,0
971,15805955,L?,638,France,Female,48,10,138333,1,1,1,47679,0
972,15801488,Buckner,723,France,Male,25,3,0,2,1,1,134509,0
973,15605918,Padovesi,635,Germany,Male,43,5,78993,2,0,0,153265,0
974,15779711,Gray,750,Spain,Female,38,7,97257,2,0,1,179883,0
975,15705620,Lu,730,France,Male,34,5,122453,2,1,0,138883,0
976,15685357,Wright,750,Spain,Female,36,8,112940,1,0,1,9856,0
977,15570060,Palerma,586,France,Female,43,8,132558,1,1,0,67047,1
978,15582616,Y?an,520,France,Female,38,4,0,2,1,0,56389,0
979,15799515,Wei,652,France,Female,48,8,133297,1,1,0,77764,0
980,15642937,Padovesi,550,France,Female,46,7,0,2,1,0,130590,0
981,15624729,Tsao,594,France,Male,27,0,197042,1,0,0,151912,0
982,15566156,Franklin,749,Germany,Female,44,0,71498,2,0,0,151084,0
983,15792360,Clark,668,France,Male,32,7,0,2,1,1,777,0
984,15807008,McGregor,614,Germany,Female,35,6,128100,1,0,0,69454,1
985,15704770,Pan,773,France,Male,25,1,124533,2,0,1,11724,0
986,15756475,Kenniff,551,Germany,Male,31,9,82294,2,1,1,91565,0
987,15655339,Spencer,566,France,Male,36,1,142121,1,1,0,79616,0
988,15613749,Lees,569,Spain,Male,34,0,151839,1,1,0,102300,1
989,15664521,David,659,Spain,Male,31,7,149621,2,1,1,104534,0
990,15681206,Hsing,722,France,Female,49,3,168198,1,1,0,140766,1
991,15745527,Burke,655,France,Male,37,5,93147,2,1,0,66214,0
992,15806926,Watson,615,France,Female,35,2,97440,2,1,1,139816,0
993,15724563,Hawkins,752,Germany,Female,42,3,65046,2,0,1,140139,0
994,15782899,Ginn,661,Spain,Female,28,7,95357,1,0,0,102297,0
995,15623521,Sozonov,838,Spain,Male,43,9,123106,2,1,0,145766,0
996,15810218,Sun,610,Spain,Male,29,9,0,3,0,1,83912,0
997,15645621,Hunter,811,Spain,Male,44,3,0,2,0,1,78440,0
998,15608114,Manfrin,587,Spain,Male,62,7,121286,1,0,1,6777,0
999,15659557,Artamonova,811,Germany,Female,28,4,167739,2,1,1,9903,0
1000,15787772,Hansen,759,France,Female,38,1,104091,1,0,0,91562,0
